{
  "model_name": "refermore_propensity",
  "version": "1.0",
  "features": [
    "completion_rate",
    "engagement_score",
    "satisfaction_rating",
    "invites_sent",
    "link_clicks",
    "signups_generated",
    "forum_posts",
    "social_shares",
    "last_active_days",
    "course_count",
    "certificate_earned",
    "cohort_rank_percentile",
    "net_promoter_score",
    "prior_referrals",
    "has_reward_claimed"
  ],
  "target": "will_refer",
  "accuracy": 0.878,
  "training_samples": 4000,
  "test_samples": 1000,
  "feature_importance": {
    "completion_rate": 0.29324450199434654,
    "engagement_score": 0.16056311676181156,
    "satisfaction_rating": 0.1186144162504929,
    "invites_sent": 0.03138136360461244,
    "link_clicks": 0.01980447433547302,
    "signups_generated": 0.00511108938978849,
    "forum_posts": 0.03594496058506377,
    "social_shares": 0.02500545322909374,
    "last_active_days": 0.05418790494233295,
    "course_count": 0.026971528700648725,
    "certificate_earned": 0.07321088390561312,
    "cohort_rank_percentile": 0.07140433203905408,
    "net_promoter_score": 0.03972903104045431,
    "prior_referrals": 0.04176798100326517,
    "has_reward_claimed": 0.0030589622179492365
  },
  "trained_at": "2025-08-15T13:13:05.334628",
  "model_type": "RandomForestClassifier"
}